Price,Open,Close
Ticker,KRW=X,KRW=X
Date,,
2020-01-01,1154.4000244140625,1153.75
2020-01-02,1153.9599609375,1153.969970703125
2020-01-03,1157.550048828125,1157.1500244140625
2020-01-06,1167.4000244140625,1165.8499755859375
2020-01-07,1166.52001953125,1167.4200439453125
2020-01-08,1166.530029296875,1166.4599609375
2020-01-09,1161.3399658203125,1161.260009765625
2020-01-10,1158.5799560546875,1157.81005859375
2020-01-13,1156.9300537109375,1156.9300537109375
2020-01-14,1153.25,1153.93994140625
2020-01-15,1156.1300048828125,1157.050048828125
2020-01-16,1159.739990234375,1156.780029296875
2020-01-17,1159.6700439453125,1158.77001953125
2020-01-20,1159.800048828125,1160.3599853515625
2020-01-21,1158.5699462890625,1157.5699462890625
2020-01-22,1168.719970703125,1168.739990234375
2020-01-23,1165.18994140625,1163.72998046875
2020-01-24,1168.199951171875,1167.5999755859375
2020-01-27,1169.239990234375,1169.1500244140625
2020-01-28,1176.449951171875,1176.72998046875
2020-01-29,1172.75,1174.280029296875
2020-01-30,1178.77001953125,1178.0799560546875
2020-01-31,1186.489990234375,1187.1199951171875
2020-02-03,1194.4000244140625,1194.8699951171875
2020-02-04,1190.5400390625,1189.3599853515625
2020-02-05,1182.489990234375,1182.47998046875
2020-02-06,1182.25,1183.4599609375
2020-02-07,1185.8599853515625,1184.25
2020-02-10,1191.6700439453125,1191.0899658203125
2020-02-11,1186.050048828125,1185.6300048828125
2020-02-12,1180.550048828125,1180.719970703125
2020-02-13,1178.3800048828125,1177.9599609375
2020-02-14,1183.3800048828125,1183.469970703125
2020-02-17,1180.8900146484375,1182.1800537109375
2020-02-18,1184.77001953125,1183.81005859375
2020-02-19,1190.050048828125,1189.9300537109375
2020-02-20,1191.780029296875,1191.3699951171875
2020-02-21,1204.3199462890625,1204.4000244140625
2020-02-24,1214.550048828125,1205.77001953125
2020-02-25,1217.0400390625,1217.6500244140625
2020-02-26,1212.3900146484375,1214.550048828125
2020-02-27,1213.1400146484375,1211.3599853515625
2020-02-28,1212.3299560546875,1211.31005859375
2020-03-02,1199.3199462890625,1200.0999755859375
2020-03-03,1189.25,1188.280029296875
2020-03-04,1186.3399658203125,1186.3399658203125
2020-03-05,1185.06005859375,1183.6800537109375
2020-03-06,1187.780029296875,1187.469970703125
2020-03-09,1187.5999755859375,1187.699951171875
2020-03-10,1198.0,1199.9599609375
2020-03-11,1184.0,1184.699951171875
2020-03-12,1190.3499755859375,1189.3900146484375
2020-03-13,1209.93994140625,1209.969970703125
2020-03-16,1214.8900146484375,1210.800048828125
2020-03-17,1232.02001953125,1232.0400390625
2020-03-18,1237.97998046875,1237.989990234375
2020-03-19,1253.969970703125,1255.3499755859375
2020-03-20,1256.6500244140625,1256.8800048828125
2020-03-23,1272.1500244140625,1253.949951171875
2020-03-24,1261.449951171875,1262.9300537109375
2020-03-25,1232.5,1228.5999755859375
2020-03-26,1223.0,1231.0799560546875
2020-03-27,1213.0,1212.18994140625
2020-03-30,1211.739990234375,1211.6300048828125
2020-03-31,1223.0,1222.699951171875
2020-04-01,1218.6600341796875,1216.6600341796875
2020-04-02,1236.56005859375,1234.72998046875
2020-04-03,1225.6300048828125,1226.8499755859375
2020-04-06,1236.550048828125,1235.800048828125
2020-04-07,1222.9100341796875,1223.0999755859375
2020-04-08,1214.800048828125,1215.31005859375
2020-04-09,1213.510009765625,1214.75
2020-04-10,1209.22998046875,1209.510009765625
2020-04-13,1211.0400390625,1211.0400390625
2020-04-14,1213.8599853515625,1213.9000244140625
2020-04-15,1211.47998046875,1212.3800048828125
2020-04-16,1225.5999755859375,1222.550048828125
2020-04-17,1220.0999755859375,1226.6400146484375
2020-04-20,1215.25,1215.260009765625
2020-04-21,1220.719970703125,1218.0999755859375
2020-04-22,1232.6300048828125,1230.8499755859375
2020-04-23,1233.7099609375,1231.3800048828125
2020-04-24,1231.6099853515625,1232.449951171875
2020-04-27,1230.4599609375,1229.5
2020-04-28,1222.530029296875,1220.8699951171875
2020-04-29,1220.449951171875,1220.4000244140625
2020-04-30,1210.7900390625,1210.7900390625
2020-05-01,1212.9599609375,1212.9599609375
2020-05-04,1223.7900390625,1223.780029296875
2020-05-05,1223.0,1222.449951171875
2020-05-06,1220.489990234375,1221.25
2020-05-07,1227.1700439453125,1228.530029296875
2020-05-08,1218.5899658203125,1218.6300048828125
2020-05-11,1218.1800537109375,1218.699951171875
2020-05-12,1223.239990234375,1222.4000244140625
2020-05-13,1225.8499755859375,1225.6500244140625
2020-05-14,1227.219970703125,1226.550048828125
2020-05-15,1225.780029296875,1225.4599609375
2020-05-18,1231.5699462890625,1232.0899658203125
2020-05-19,1222.550048828125,1224.199951171875
2020-05-20,1225.31005859375,1224.3199462890625
2020-05-21,1226.3399658203125,1226.550048828125
2020-05-22,1233.010009765625,1233.3900146484375
2020-05-25,1239.2099609375,1239.550048828125
2020-05-26,1240.719970703125,1240.02001953125
2020-05-27,1229.949951171875,1230.8699951171875
2020-05-28,1237.2900390625,1238.300048828125
2020-05-29,1237.260009765625,1237.97998046875
2020-06-01,1230.2099609375,1230.469970703125
2020-06-02,1222.0799560546875,1222.989990234375
2020-06-03,1217.9599609375,1219.1400146484375
2020-06-04,1215.4200439453125,1215.8199462890625
2020-06-05,1215.68994140625,1215.3800048828125
2020-06-08,1200.780029296875,1201.1099853515625
2020-06-09,1196.6400146484375,1195.72998046875
2020-06-10,1197.6600341796875,1197.300048828125
2020-06-11,1192.6800537109375,1189.739990234375
2020-06-12,1206.22998046875,1204.760009765625
2020-06-15,1202.6099853515625,1202.6099853515625
2020-06-16,1205.7900390625,1206.9000244140625
2020-06-17,1210.72998046875,1211.1500244140625
2020-06-18,1215.949951171875,1214.3499755859375
2020-06-19,1209.75,1211.3599853515625
2020-06-22,1211.489990234375,1210.8900146484375
2020-06-23,1206.18994140625,1208.0
2020-06-24,1207.9200439453125,1207.949951171875
2020-06-25,1205.8699951171875,1205.25
2020-06-26,1201.4100341796875,1201.52001953125
2020-06-29,1203.050048828125,1202.6300048828125
2020-06-30,1197.6300048828125,1198.489990234375
2020-07-01,1197.4599609375,1198.3900146484375
2020-07-02,1200.6500244140625,1200.699951171875
2020-07-03,1198.260009765625,1198.1700439453125
2020-07-06,1198.5999755859375,1198.5
2020-07-07,1189.9200439453125,1190.9300537109375
2020-07-08,1195.9200439453125,1195.699951171875
2020-07-09,1191.31005859375,1192.02001953125
2020-07-10,1196.530029296875,1195.77001953125
2020-07-13,1200.8800048828125,1199.52001953125
2020-07-14,1203.4599609375,1203.780029296875
2020-07-15,1203.969970703125,1203.97998046875
2020-07-16,1200.3499755859375,1200.469970703125
2020-07-17,1204.2099609375,1204.22998046875
2020-07-20,1201.8900146484375,1202.530029296875
2020-07-21,1200.0899658203125,1200.030029296875
2020-07-22,1192.02001953125,1192.739990234375
2020-07-23,1197.47998046875,1197.22998046875
2020-07-24,1201.6600341796875,1200.93994140625
2020-07-27,1199.969970703125,1200.489990234375
2020-07-28,1194.97998046875,1195.9200439453125
2020-07-29,1198.449951171875,1199.3699951171875
2020-07-30,1188.9300537109375,1190.72998046875
2020-07-31,1189.56005859375,1189.56005859375
2020-08-03,1192.699951171875,1193.3900146484375
2020-08-04,1191.0999755859375,1191.760009765625
2020-08-05,1189.6500244140625,1192.25
2020-08-06,1184.75,1185.1800537109375
2020-08-07,1183.489990234375,1183.1700439453125
2020-08-10,1188.1099853515625,1188.1500244140625
2020-08-11,1185.56005859375,1185.18994140625
2020-08-12,1185.25,1184.97998046875
2020-08-13,1182.43994140625,1182.75
2020-08-14,1183.989990234375,1184.1199951171875
2020-08-17,1186.0400390625,1186.0400390625
2020-08-18,1183.52001953125,1183.0999755859375
2020-08-19,1179.949951171875,1183.6400146484375
2020-08-20,1183.239990234375,1181.2099609375
2020-08-21,1183.4300537109375,1184.2900390625
2020-08-24,1190.050048828125,1191.199951171875
2020-08-25,1188.010009765625,1188.25
2020-08-26,1186.02001953125,1186.4599609375
2020-08-27,1183.4000244140625,1183.8499755859375
2020-08-28,1185.5999755859375,1186.5799560546875
2020-08-31,1179.5899658203125,1179.5899658203125
2020-09-01,1185.300048828125,1187.0400390625
2020-09-02,1184.9200439453125,1184.9200439453125
2020-09-03,1187.949951171875,1188.6500244140625
2020-09-04,1191.0699462890625,1190.780029296875
2020-09-07,1186.989990234375,1186.4200439453125
2020-09-08,1186.47998046875,1186.81005859375
2020-09-09,1189.260009765625,1189.239990234375
2020-09-10,1184.06005859375,1184.3800048828125
2020-09-11,1186.93994140625,1187.22998046875
2020-09-14,1185.780029296875,1186.969970703125
2020-09-15,1181.199951171875,1180.8399658203125
2020-09-16,1179.8499755859375,1179.25
2020-09-17,1173.800048828125,1172.0699462890625
2020-09-18,1168.760009765625,1168.6500244140625
2020-09-21,1163.97998046875,1163.989990234375
2020-09-22,1162.0999755859375,1163.8499755859375
2020-09-23,1160.800048828125,1162.5
2020-09-24,1168.030029296875,1169.72998046875
2020-09-25,1168.050048828125,1168.5
2020-09-28,1173.4100341796875,1173.43994140625
2020-09-29,1166.77001953125,1166.4100341796875
2020-09-30,1168.72998046875,1167.8599853515625
2020-10-01,1163.800048828125,1163.780029296875
2020-10-02,1161.97998046875,1161.97998046875
2020-10-05,1165.4100341796875,1165.3599853515625
2020-10-06,1156.739990234375,1156.0899658203125
2020-10-07,1163.8199462890625,1163.8900146484375
2020-10-08,1156.489990234375,1156.5
2020-10-09,1150.3599853515625,1150.3599853515625
2020-10-12,1142.6400146484375,1142.6500244140625
2020-10-13,1147.3800048828125,1146.4000244140625
2020-10-14,1147.75,1147.8900146484375
2020-10-15,1145.5,1146.31005859375
2020-10-16,1145.0,1144.1300048828125
2020-10-19,1141.2099609375,1141.1800537109375
2020-10-20,1139.81005859375,1137.0
2020-10-21,1137.6099853515625,1136.0
2020-10-22,1133.2900390625,1132.030029296875
2020-10-23,1134.06005859375,1134.1500244140625
2020-10-26,1127.5999755859375,1127.760009765625
2020-10-27,1130.280029296875,1131.6400146484375
2020-10-28,1128.010009765625,1128.22998046875
2020-10-29,1134.0899658203125,1134.1800537109375
2020-10-30,1131.0699462890625,1129.52001953125
2020-11-02,1134.7900390625,1135.6099853515625
2020-11-03,1132.239990234375,1132.1400146484375
2020-11-04,1128.9100341796875,1130.3299560546875
2020-11-05,1130.31005859375,1129.739990234375
2020-11-06,1123.18994140625,1122.6300048828125
2020-11-09,1120.8800048828125,1121.1500244140625
2020-11-10,1117.9300537109375,1118.68994140625
2020-11-11,1115.2099609375,1116.0799560546875
2020-11-12,1110.5999755859375,1111.449951171875
2020-11-13,1114.1700439453125,1114.9100341796875
2020-11-16,1107.219970703125,1107.760009765625
2020-11-17,1106.1400146484375,1106.0899658203125
2020-11-18,1104.72998046875,1104.949951171875
2020-11-19,1106.43994140625,1105.9000244140625
2020-11-20,1114.8499755859375,1114.1400146484375
2020-11-23,1113.5799560546875,1113.8299560546875
2020-11-24,1112.969970703125,1113.0799560546875
2020-11-25,1108.3399658203125,1109.7099609375
2020-11-26,1105.050048828125,1104.489990234375
2020-11-27,1105.0899658203125,1105.56005859375
2020-11-30,1103.8499755859375,1104.3299560546875
2020-12-01,1106.75,1108.510009765625
2020-12-02,1104.7099609375,1106.280029296875
2020-12-03,1099.3199462890625,1099.3800048828125
2020-12-04,1091.3699951171875,1091.3199462890625
2020-12-07,1083.780029296875,1083.780029296875
2020-12-08,1083.0,1083.6800537109375
2020-12-09,1085.760009765625,1084.8599853515625
2020-12-10,1086.199951171875,1086.3599853515625
2020-12-11,1087.280029296875,1086.3699951171875
2020-12-14,1091.5799560546875,1091.5799560546875
2020-12-15,1093.2099609375,1092.06005859375
2020-12-16,1088.3499755859375,1088.2099609375
2020-12-17,1093.0699462890625,1091.6500244140625
2020-12-18,1092.3599853515625,1092.1600341796875
2020-12-21,1098.97998046875,1098.97998046875
2020-12-22,1101.8499755859375,1101.8599853515625
2020-12-23,1108.25,1107.97998046875
2020-12-24,1105.0,1104.800048828125
2020-12-25,1098.9000244140625,1099.9100341796875
2020-12-28,1099.0899658203125,1099.0899658203125
2020-12-29,1096.4200439453125,1095.0
2020-12-30,1091.25,1092.6199951171875
2020-12-31,1086.4200439453125,1086.4200439453125
2021-01-01,1083.5,1084.6500244140625
2021-01-04,1084.72998046875,1084.72998046875
2021-01-05,1085.6099853515625,1086.6199951171875
2021-01-06,1085.6500244140625,1086.449951171875
2021-01-07,1085.25,1086.949951171875
2021-01-08,1092.68994140625,1093.0699462890625
2021-01-11,1092.8199462890625,1092.8199462890625
2021-01-12,1096.239990234375,1096.449951171875
2021-01-13,1093.3399658203125,1093.5400390625
2021-01-14,1097.0899658203125,1097.1099853515625
2021-01-15,1095.25,1094.9000244140625
2021-01-18,1102.9599609375,1102.9599609375
2021-01-19,1103.3900146484375,1103.0999755859375
2021-01-20,1100.8199462890625,1100.989990234375
2021-01-21,1097.699951171875,1096.25
2021-01-22,1099.1800537109375,1099.9000244140625
2021-01-25,1104.6400146484375,1104.6400146484375
2021-01-26,1101.1800537109375,1101.72998046875
2021-01-27,1101.9100341796875,1101.0
2021-01-28,1107.52001953125,1107.5
2021-01-29,1112.31005859375,1112.2900390625
2021-02-01,1118.1800537109375,1117.4300537109375
2021-02-02,1116.25,1116.8800048828125
2021-02-03,1113.0899658203125,1113.6099853515625
2021-02-04,1112.699951171875,1113.1500244140625
2021-02-05,1119.27001953125,1119.1300048828125
2021-02-08,1116.8499755859375,1116.8499755859375
2021-02-09,1115.8499755859375,1116.3299560546875
2021-02-10,1110.25,1110.0
2021-02-11,1105.9000244140625,1103.97998046875
2021-02-12,1102.2099609375,1102.219970703125
2021-02-15,1103.5,1103.3699951171875
2021-02-16,1100.949951171875,1102.239990234375
2021-02-17,1107.300048828125,1106.4599609375
2021-02-18,1105.0699462890625,1104.550048828125
2021-02-19,1106.6800537109375,1106.219970703125
2021-02-22,1103.93994140625,1103.93994140625
2021-02-23,1111.6600341796875,1110.6700439453125
2021-02-24,1109.02001953125,1109.31005859375
2021-02-25,1105.25,1107.2099609375
2021-02-26,1119.1500244140625,1119.1300048828125
2021-03-01,1123.3699951171875,1123.3699951171875
2021-03-02,1101.4000244140625,1101.8299560546875
2021-03-03,1124.2900390625,1124.3299560546875
2021-03-04,1126.5999755859375,1129.5
2021-03-05,1133.0799560546875,1133.3499755859375
2021-03-08,1127.489990234375,1127.489990234375
2021-03-09,1140.0999755859375,1140.22998046875
2021-03-10,1134.5,1134.9100341796875
2021-03-11,1135.969970703125,1136.010009765625
2021-03-12,1129.550048828125,1129.6400146484375
2021-03-15,1134.5,1134.5
2021-03-16,1131.530029296875,1131.3900146484375
2021-03-17,1129.47998046875,1129.8399658203125
2021-03-18,1121.030029296875,1121.1300048828125
2021-03-19,1127.050048828125,1126.1099853515625
2021-03-22,1127.47998046875,1127.47998046875
2021-03-23,1125.219970703125,1125.1199951171875
2021-03-24,1132.050048828125,1133.199951171875
2021-03-25,1135.030029296875,1134.47998046875
2021-03-26,1133.5799560546875,1134.2099609375
2021-03-29,1127.97998046875,1127.9599609375
2021-03-30,1131.0899658203125,1131.6500244140625
2021-03-31,1132.3699951171875,1132.3199462890625
2021-04-01,1126.9100341796875,1127.199951171875
2021-04-02,1127.8299560546875,1128.06005859375
2021-04-05,1128.6500244140625,1128.7900390625
2021-04-06,1124.4000244140625,1124.1099853515625
2021-04-07,1117.4100341796875,1117.5
2021-04-08,1118.02001953125,1117.8599853515625
2021-04-09,1115.6600341796875,1115.8399658203125
2021-04-12,1122.02001953125,1122.06005859375
2021-04-13,1124.449951171875,1124.449951171875
2021-04-14,1120.719970703125,1120.68994140625
2021-04-15,1116.1099853515625,1116.1099853515625
2021-04-16,1115.7900390625,1115.6700439453125
2021-04-19,1116.6500244140625,1115.6500244140625
2021-04-20,1114.3699951171875,1114.469970703125
2021-04-21,1116.1099853515625,1116.1099853515625
2021-04-22,1115.449951171875,1115.6600341796875
2021-04-23,1119.6300048828125,1118.5899658203125
2021-04-26,1114.18994140625,1114.1300048828125
2021-04-27,1109.2099609375,1109.22998046875
2021-04-28,1112.1500244140625,1112.1500244140625
2021-04-29,1108.8900146484375,1108.6600341796875
2021-04-30,1106.5799560546875,1106.6300048828125
2021-05-03,1116.6099853515625,1116.760009765625
2021-05-04,1120.4000244140625,1120.4000244140625
2021-05-05,1124.8900146484375,1124.9100341796875
2021-05-06,1124.0699462890625,1123.989990234375
2021-05-07,1119.989990234375,1119.3900146484375
2021-05-10,1111.969970703125,1111.969970703125
2021-05-11,1115.5899658203125,1115.5400390625
2021-05-12,1118.4300537109375,1118.22998046875
2021-05-13,1131.739990234375,1131.5999755859375
2021-05-14,1125.75,1125.699951171875
2021-05-17,1125.6700439453125,1125.530029296875
2021-05-18,1136.260009765625,1135.510009765625
2021-05-19,1127.0799560546875,1127.1400146484375
2021-05-20,1130.27001953125,1130.3699951171875
2021-05-21,1127.02001953125,1127.050048828125
2021-05-24,1126.8199462890625,1126.7900390625
2021-05-25,1122.1800537109375,1122.18994140625
2021-05-26,1121.4000244140625,1121.3800048828125
2021-05-27,1115.550048828125,1115.52001953125
2021-05-28,1117.199951171875,1117.300048828125
2021-05-31,1113.1400146484375,1112.8499755859375
2021-06-01,1106.97998046875,1106.97998046875
2021-06-02,1107.72998046875,1107.2099609375
2021-06-03,1110.050048828125,1109.8800048828125
2021-06-04,1115.27001953125,1115.43994140625
2021-06-07,1109.6800537109375,1109.6800537109375
2021-06-08,1109.4100341796875,1109.3199462890625
2021-06-09,1116.8599853515625,1116.8900146484375
2021-06-10,1115.6400146484375,1116.4100341796875
2021-06-11,1111.510009765625,1111.260009765625
2021-06-14,1114.8599853515625,1115.550048828125
2021-06-15,1116.469970703125,1116.3199462890625
2021-06-16,1116.489990234375,1116.030029296875
2021-06-17,1132.1099853515625,1131.949951171875
2021-06-18,1133.6700439453125,1133.5400390625
2021-06-21,1134.1400146484375,1134.25
2021-06-22,1130.52001953125,1130.3399658203125
2021-06-23,1132.4300537109375,1132.510009765625
2021-06-24,1133.4100341796875,1132.6099853515625
2021-06-25,1131.4599609375,1130.800048828125
2021-06-28,1125.3399658203125,1125.3399658203125
2021-06-29,1129.02001953125,1129.0400390625
2021-06-30,1130.7099609375,1130.510009765625
2021-07-01,1129.6800537109375,1129.5999755859375
2021-07-02,1134.4000244140625,1132.4100341796875
2021-07-05,1129.8499755859375,1129.77001953125
2021-07-06,1130.0999755859375,1129.43994140625
2021-07-07,1135.68994140625,1135.47998046875
2021-07-08,1140.9100341796875,1140.52001953125
2021-07-09,1146.22998046875,1146.280029296875
2021-07-12,1144.1300048828125,1144.31005859375
2021-07-13,1142.8499755859375,1141.0999755859375
2021-07-14,1149.050048828125,1148.699951171875
2021-07-15,1144.31005859375,1143.4100341796875
2021-07-16,1141.239990234375,1140.1199951171875
2021-07-19,1141.5400390625,1141.5
2021-07-20,1149.989990234375,1150.0699462890625
2021-07-21,1147.4300537109375,1147.47998046875
2021-07-22,1149.6800537109375,1148.68994140625
2021-07-23,1149.9300537109375,1149.9100341796875
2021-07-26,1151.1099853515625,1151.1199951171875
2021-07-27,1151.56005859375,1151.760009765625
2021-07-28,1153.489990234375,1153.56005859375
2021-07-29,1149.530029296875,1149.4100341796875
2021-07-30,1143.239990234375,1142.1199951171875
2021-08-02,1150.719970703125,1150.9300537109375
2021-08-03,1149.699951171875,1149.56005859375
2021-08-04,1147.550048828125,1148.5799560546875
2021-08-05,1144.030029296875,1144.06005859375
2021-08-06,1142.0999755859375,1143.1199951171875
2021-08-09,1144.9100341796875,1144.9200439453125
2021-08-10,1145.9000244140625,1145.8900146484375
2021-08-11,1152.5400390625,1152.47998046875
2021-08-12,1152.9100341796875,1152.8499755859375
2021-08-13,1162.1300048828125,1162.06005859375
2021-08-16,1161.3800048828125,1161.3800048828125
2021-08-17,1164.68994140625,1164.5
2021-08-18,1176.8900146484375,1176.449951171875
2021-08-19,1169.75,1169.6800537109375
2021-08-20,1175.4599609375,1175.3900146484375
2021-08-23,1174.530029296875,1174.239990234375
2021-08-24,1167.949951171875,1167.6099853515625
2021-08-25,1163.300048828125,1163.469970703125
2021-08-26,1163.3199462890625,1163.3299560546875
2021-08-27,1169.6800537109375,1170.0
2021-08-30,1161.3199462890625,1161.3299560546875
2021-08-31,1165.52001953125,1165.510009765625
2021-09-01,1158.4200439453125,1158.4100341796875
2021-09-02,1155.5400390625,1155.280029296875
2021-09-03,1157.1199951171875,1157.1300048828125
2021-09-06,1154.719970703125,1154.75
2021-09-07,1157.010009765625,1155.5400390625
2021-09-08,1161.1300048828125,1161.0
2021-09-09,1166.489990234375,1166.489990234375
2021-09-10,1169.06005859375,1169.1300048828125
2021-09-13,1169.4000244140625,1169.3800048828125
2021-09-14,1171.6400146484375,1171.1099853515625
2021-09-15,1170.75,1170.800048828125
2021-09-16,1165.0999755859375,1165.219970703125
2021-09-17,1174.47998046875,1174.4200439453125
2021-09-20,1181.1099853515625,1181.1099853515625
2021-09-21,1187.1099853515625,1186.3199462890625
2021-09-22,1182.8399658203125,1182.9200439453125
2021-09-23,1181.5,1181.030029296875
2021-09-24,1172.97998046875,1174.699951171875
2021-09-27,1179.199951171875,1179.199951171875
2021-09-28,1177.0,1176.9599609375
2021-09-29,1186.8900146484375,1186.8900146484375
2021-09-30,1187.280029296875,1187.4300537109375
2021-10-01,1183.550048828125,1183.719970703125
2021-10-04,1180.0,1180.0
2021-10-05,1185.1500244140625,1183.780029296875
2021-10-06,1186.0999755859375,1187.1700439453125
2021-10-07,1190.4599609375,1191.3800048828125
2021-10-08,1189.75,1191.1500244140625
2021-10-11,1195.5799560546875,1195.5799560546875
2021-10-12,1196.0,1195.800048828125
2021-10-13,1197.02001953125,1196.8900146484375
2021-10-14,1185.8699951171875,1186.7099609375
2021-10-15,1181.6500244140625,1182.1300048828125
2021-10-18,1181.4000244140625,1181.7900390625
2021-10-19,1184.47998046875,1185.6800537109375
2021-10-20,1175.449951171875,1175.6500244140625
2021-10-21,1174.489990234375,1174.5899658203125
2021-10-22,1176.56005859375,1176.550048828125
2021-10-25,1176.5400390625,1176.5400390625
2021-10-26,1167.0699462890625,1167.06005859375
2021-10-27,1167.2099609375,1167.3299560546875
2021-10-28,1171.0999755859375,1172.1700439453125
2021-10-29,1167.3399658203125,1167.3699951171875
2021-11-01,1173.510009765625,1174.3800048828125
2021-11-02,1176.4000244140625,1176.5699462890625
2021-11-03,1178.1199951171875,1178.0400390625
2021-11-04,1179.719970703125,1179.3399658203125
2021-11-05,1184.9100341796875,1185.8299560546875
2021-11-08,1181.97998046875,1180.5
2021-11-09,1199.5699462890625,1199.8599853515625
2021-11-10,1177.6099853515625,1177.5
2021-11-11,1183.9100341796875,1184.1400146484375
2021-11-12,1181.3199462890625,1183.1099853515625
2021-11-15,1180.97998046875,1179.1099853515625
2021-11-16,1183.510009765625,1183.510009765625
2021-11-17,1183.1400146484375,1184.050048828125
2021-11-18,1180.010009765625,1181.22998046875
2021-11-19,1182.02001953125,1182.9000244140625
2021-11-22,1187.0999755859375,1191.6300048828125
2021-11-23,1189.489990234375,1189.5
2021-11-24,1189.010009765625,1189.949951171875
2021-11-25,1187.8800048828125,1187.8800048828125
2021-11-26,1189.31005859375,1190.219970703125
2021-11-29,1192.3499755859375,1194.6099853515625
2021-11-30,1189.9599609375,1190.739990234375
2021-12-01,1182.8599853515625,1182.8599853515625
2021-12-02,1176.199951171875,1177.1099853515625
2021-12-03,1175.8800048828125,1176.77001953125
2021-12-06,1184.56005859375,1183.1400146484375
2021-12-07,1179.6700439453125,1180.56005859375
2021-12-08,1175.93994140625,1176.8399658203125
2021-12-09,1172.56005859375,1172.56005859375
2021-12-10,1177.3499755859375,1177.3299560546875
2021-12-13,1178.969970703125,1178.969970703125
2021-12-14,1183.949951171875,1185.0999755859375
2021-12-15,1184.22998046875,1184.22998046875
2021-12-16,1184.4000244140625,1184.4000244140625
2021-12-17,1185.260009765625,1186.1500244140625
2021-12-20,1186.75,1186.3900146484375
2021-12-21,1188.31005859375,1190.1199951171875
2021-12-22,1188.9000244140625,1191.27001953125
2021-12-23,1187.77001953125,1187.77001953125
2021-12-24,1185.5699462890625,1185.5
2021-12-27,1185.3800048828125,1185.9200439453125
2021-12-28,1185.1600341796875,1185.6500244140625
2021-12-29,1187.739990234375,1187.8499755859375
2021-12-30,1183.510009765625,1183.6700439453125
2021-12-31,1188.9599609375,1189.8900146484375
2022-01-03,1187.1300048828125,1187.780029296875
2022-01-04,1195.6300048828125,1194.6800537109375
2022-01-05,1196.6700439453125,1196.5
2022-01-06,1199.25,1199.25
2022-01-07,1204.6700439453125,1205.780029296875
2022-01-10,1198.3499755859375,1196.8800048828125
2022-01-11,1197.1600341796875,1198.0899658203125
2022-01-12,1189.4300537109375,1189.4300537109375
2022-01-13,1185.8800048828125,1185.8800048828125
2022-01-14,1186.3800048828125,1186.6099853515625
2022-01-17,1189.3199462890625,1188.9599609375
2022-01-18,1190.0699462890625,1190.06005859375
2022-01-19,1192.97998046875,1192.97998046875
2022-01-20,1187.239990234375,1188.1600341796875
2022-01-21,1192.4300537109375,1192.4300537109375
2022-01-24,1192.9000244140625,1191.5
2022-01-25,1195.050048828125,1195.6600341796875
2022-01-26,1196.0999755859375,1196.0999755859375
2022-01-27,1200.6300048828125,1200.6300048828125
2022-01-28,1203.5999755859375,1203.4599609375
2022-01-31,1208.7099609375,1207.7099609375
2022-02-01,1205.1099853515625,1205.1199951171875
2022-02-02,1202.5,1202.5
2022-02-03,1199.0999755859375,1199.9599609375
2022-02-04,1199.6400146484375,1200.3299560546875
2022-02-07,1197.9200439453125,1197.0899658203125
2022-02-08,1196.6500244140625,1196.8499755859375
2022-02-09,1196.030029296875,1196.3599853515625
2022-02-10,1193.18994140625,1194.030029296875
2022-02-11,1199.3499755859375,1199.3499755859375
2022-02-14,1198.739990234375,1199.239990234375
2022-02-15,1196.5,1197.3599853515625
2022-02-16,1196.8299560546875,1196.8299560546875
2022-02-17,1196.75,1196.75
2022-02-18,1197.8499755859375,1198.6600341796875
2022-02-21,1198.199951171875,1195.0699462890625
2022-02-22,1193.75,1194.6800537109375
2022-02-23,1191.9100341796875,1192.6800537109375
2022-02-24,1191.530029296875,1192.4000244140625
2022-02-25,1206.0,1206.0
2022-02-28,1205.4000244140625,1197.5899658203125
2022-03-01,1200.9300537109375,1200.9300537109375
2022-03-02,1204.4000244140625,1205.3699951171875
2022-03-03,1202.300048828125,1203.1500244140625
2022-03-04,1205.989990234375,1205.989990234375
2022-03-07,1222.800048828125,1216.7099609375
2022-03-08,1232.300048828125,1232.300048828125
2022-03-09,1233.0999755859375,1233.1099853515625
2022-03-10,1221.280029296875,1223.22998046875
2022-03-11,1227.75,1228.5999755859375
2022-03-14,1235.22998046875,1236.8900146484375
2022-03-15,1240.77001953125,1242.050048828125
2022-03-16,1241.6800537109375,1241.6800537109375
2022-03-17,1222.1600341796875,1223.0
2022-03-18,1209.739990234375,1210.3299560546875
2022-03-21,1211.699951171875,1210.3699951171875
2022-03-22,1218.1300048828125,1219.780029296875
2022-03-23,1214.030029296875,1214.949951171875
2022-03-24,1217.300048828125,1218.010009765625
2022-03-25,1217.550048828125,1217.550048828125
2022-03-28,1224.3800048828125,1224.3800048828125
2022-03-29,1223.6600341796875,1223.6600341796875
2022-03-30,1209.1300048828125,1209.1300048828125
2022-03-31,1210.43994140625,1210.43994140625
2022-04-01,1214.5,1214.5
2022-04-04,1218.780029296875,1218.780029296875
2022-04-05,1213.9000244140625,1213.9000244140625
2022-04-06,1218.75,1218.75
2022-04-07,1217.5999755859375,1217.5999755859375
2022-04-08,1222.6600341796875,1222.6600341796875
2022-04-11,1228.239990234375,1228.239990234375
2022-04-12,1235.050048828125,1235.050048828125
2022-04-13,1228.5999755859375,1228.5999755859375
2022-04-14,1223.1199951171875,1223.1199951171875
2022-04-15,1230.0999755859375,1230.0999755859375
2022-04-18,1228.0899658203125,1228.0899658203125
2022-04-19,1235.3499755859375,1235.3499755859375
2022-04-20,1239.5999755859375,1239.5999755859375
2022-04-21,1234.0899658203125,1234.0899658203125
2022-04-22,1242.489990234375,1242.489990234375
2022-04-25,1243.1600341796875,1243.1600341796875
2022-04-26,1249.2099609375,1249.2099609375
2022-04-27,1260.7099609375,1260.7099609375
2022-04-28,1266.280029296875,1266.280029296875
2022-04-29,1272.2900390625,1272.2900390625
2022-05-02,1262.530029296875,1262.530029296875
2022-05-03,1266.75,1266.75
2022-05-04,1261.06005859375,1261.06005859375
2022-05-05,1251.5,1251.5
2022-05-06,1268.699951171875,1268.699951171875
2022-05-09,1270.1300048828125,1270.1300048828125
2022-05-10,1274.8599853515625,1274.8599853515625
2022-05-11,1276.550048828125,1276.550048828125
2022-05-12,1278.1500244140625,1278.1500244140625
2022-05-13,1290.75,1290.75
2022-05-16,1277.5699462890625,1277.5699462890625
2022-05-17,1279.8499755859375,1279.8499755859375
2022-05-18,1266.6600341796875,1266.6600341796875
2022-05-19,1275.5799560546875,1275.5799560546875
2022-05-20,1263.550048828125,1263.550048828125
2022-05-23,1273.2099609375,1273.2099609375
2022-05-24,1258.8199462890625,1258.8199462890625
2022-05-25,1260.989990234375,1260.989990234375
2022-05-26,1266.5999755859375,1266.5999755859375
2022-05-27,1258.8900146484375,1258.8900146484375
2022-05-30,1251.5899658203125,1251.5899658203125
2022-05-31,1236.1700439453125,1236.1700439453125
2022-06-01,1241.739990234375,1241.739990234375
2022-06-02,1246.949951171875,1246.949951171875
2022-06-03,1240.8399658203125,1240.8399658203125
2022-06-06,1250.530029296875,1250.530029296875
2022-06-07,1254.47998046875,1254.47998046875
2022-06-08,1254.5799560546875,1254.5799560546875
2022-06-09,1256.739990234375,1256.739990234375
2022-06-10,1264.02001953125,1264.02001953125
2022-06-13,1278.280029296875,1278.280029296875
2022-06-14,1291.800048828125,1291.800048828125
2022-06-15,1289.47998046875,1289.47998046875
2022-06-16,1278.1600341796875,1278.1600341796875
2022-06-17,1288.1800537109375,1288.1800537109375
2022-06-20,1290.5,1290.5
2022-06-21,1292.3800048828125,1292.3800048828125
2022-06-22,1291.5999755859375,1291.5999755859375
2022-06-23,1297.6800537109375,1297.6800537109375
2022-06-24,1299.81005859375,1299.81005859375
2022-06-27,1288.2900390625,1288.2900390625
2022-06-28,1286.199951171875,1286.199951171875
2022-06-29,1292.030029296875,1292.030029296875
2022-06-30,1301.72998046875,1301.72998046875
2022-07-01,1287.7099609375,1287.7099609375
2022-07-04,1297.8900146484375,1297.8900146484375
2022-07-05,1295.6800537109375,1295.6800537109375
2022-07-06,1308.6600341796875,1308.6600341796875
2022-07-07,1304.8499755859375,1304.8499755859375
2022-07-08,1297.6500244140625,1297.6500244140625
2022-07-11,1293.7900390625,1293.7900390625
2022-07-12,1310.8599853515625,1310.8599853515625
2022-07-13,1305.8299560546875,1305.8299560546875
2022-07-14,1304.8499755859375,1304.8499755859375
2022-07-15,1316.1800537109375,1316.1800537109375
2022-07-18,1318.1199951171875,1318.1199951171875
2022-07-19,1318.9100341796875,1318.9100341796875
2022-07-20,1305.5,1305.5
2022-07-21,1312.8699951171875,1312.8699951171875
2022-07-22,1306.8499755859375,1306.8499755859375
2022-07-25,1309.3199462890625,1309.3199462890625
2022-07-26,1310.4000244140625,1310.4000244140625
2022-07-27,1310.9000244140625,1310.9000244140625
2022-07-28,1305.949951171875,1305.949951171875
2022-07-29,1295.1500244140625,1295.1500244140625
2022-08-01,1302.280029296875,1302.280029296875
2022-08-02,1306.75,1306.75
2022-08-03,1314.6300048828125,1314.6300048828125
2022-08-04,1307.3800048828125,1307.3800048828125
2022-08-05,1302.0799560546875,1302.0799560546875
2022-08-08,1302.739990234375,1302.739990234375
2022-08-09,1299.030029296875,1299.030029296875
2022-08-10,1307.56005859375,1307.56005859375
2022-08-11,1296.699951171875,1296.699951171875
2022-08-12,1306.8299560546875,1306.8299560546875
2022-08-15,1301.3800048828125,1301.3800048828125
2022-08-16,1313.1800537109375,1313.1800537109375
2022-08-17,1311.0,1311.0
2022-08-18,1314.8299560546875,1314.8299560546875
2022-08-19,1326.9100341796875,1326.9100341796875
2022-08-22,1334.8599853515625,1334.8599853515625
2022-08-23,1343.3599853515625,1343.3599853515625
2022-08-24,1339.0799560546875,1339.0799560546875
2022-08-25,1340.0,1340.0
2022-08-26,1334.43994140625,1334.43994140625
2022-08-29,1341.1800537109375,1341.1800537109375
2022-08-30,1345.72998046875,1345.72998046875
2022-08-31,1350.18994140625,1350.18994140625
2022-09-01,1342.260009765625,1342.260009765625
2022-09-02,1355.0999755859375,1355.0999755859375
2022-09-05,1361.510009765625,1361.510009765625
2022-09-06,1361.81005859375,1361.81005859375
2022-09-07,1378.1099853515625,1378.1099853515625
2022-09-08,1374.31005859375,1374.31005859375
2022-09-09,1383.0,1383.0
2022-09-12,1379.06005859375,1379.06005859375
2022-09-13,1375.81005859375,1375.81005859375
2022-09-14,1393.469970703125,1393.469970703125
2022-09-15,1391.1800537109375,1391.1800537109375
2022-09-16,1398.6300048828125,1398.6300048828125
2022-09-19,1385.22998046875,1385.22998046875
2022-09-20,1390.1099853515625,1390.1099853515625
2022-09-21,1392.510009765625,1392.510009765625
2022-09-22,1397.56005859375,1397.56005859375
2022-09-23,1403.6600341796875,1403.6600341796875
2022-09-26,1421.81005859375,1421.81005859375
2022-09-27,1429.77001953125,1429.77001953125
2022-09-28,1426.260009765625,1426.260009765625
2022-09-29,1421.949951171875,1421.949951171875
2022-09-30,1430.1700439453125,1430.1700439453125
2022-10-03,1439.22998046875,1439.22998046875
2022-10-04,1433.3399658203125,1433.3399658203125
2022-10-05,1416.530029296875,1416.530029296875
2022-10-06,1416.760009765625,1416.760009765625
2022-10-07,1408.449951171875,1408.449951171875
2022-10-10,1415.97998046875,1415.97998046875
2022-10-11,1428.3499755859375,1428.3499755859375
2022-10-12,1430.800048828125,1430.800048828125
2022-10-13,1423.9000244140625,1423.9000244140625
2022-10-14,1430.300048828125,1430.300048828125
2022-10-17,1440.760009765625,1440.760009765625
2022-10-18,1430.1500244140625,1430.1500244140625
2022-10-19,1425.02001953125,1425.02001953125
2022-10-20,1435.010009765625,1435.010009765625
2022-10-21,1430.31005859375,1430.31005859375
2022-10-24,1428.1099853515625,1428.1099853515625
2022-10-25,1443.9599609375,1443.9599609375
2022-10-26,1426.9300537109375,1426.9300537109375
2022-10-27,1412.68994140625,1412.68994140625
2022-10-28,1420.6500244140625,1420.6500244140625
2022-10-31,1421.6500244140625,1421.6500244140625
2022-11-01,1424.6700439453125,1424.6700439453125
2022-11-02,1416.5999755859375,1416.5999755859375
2022-11-03,1423.0999755859375,1423.0999755859375
2022-11-04,1423.6500244140625,1423.6500244140625
2022-11-07,1402.1099853515625,1402.1099853515625
2022-11-08,1392.699951171875,1392.699951171875
2022-11-09,1374.1500244140625,1374.1500244140625
2022-11-10,1370.550048828125,1370.550048828125
2022-11-11,1349.3699951171875,1349.3699951171875
2022-11-14,1313.030029296875,1313.030029296875
2022-11-15,1324.0799560546875,1324.0799560546875
2022-11-16,1316.260009765625,1316.260009765625
2022-11-17,1336.4300537109375,1336.4300537109375
2022-11-18,1342.75,1342.75
2022-11-21,1339.030029296875,1339.030029296875
2022-11-22,1359.75,1359.75
2022-11-23,1352.68994140625,1352.68994140625
2022-11-24,1336.81005859375,1336.81005859375
2022-11-25,1317.8900146484375,1317.8900146484375
2022-11-28,1334.56005859375,1334.56005859375
2022-11-29,1340.1199951171875,1340.1199951171875
2022-11-30,1325.3699951171875,1325.3699951171875
2022-12-01,1279.800048828125,1279.800048828125
2022-12-02,1303.25,1303.25
2022-12-05,1299.1700439453125,1299.1700439453125
2022-12-06,1304.3699951171875,1304.3699951171875
2022-12-07,1319.7099609375,1319.7099609375
2022-12-08,1314.0999755859375,1314.0999755859375
2022-12-09,1316.6300048828125,1316.6300048828125
2022-12-12,1303.1700439453125,1303.1700439453125
2022-12-13,1305.9200439453125,1305.9200439453125
2022-12-14,1288.97998046875,1288.97998046875
2022-12-15,1295.6800537109375,1295.6800537109375
2022-12-16,1317.0999755859375,1317.0999755859375
2022-12-19,1308.8599853515625,1308.8599853515625
2022-12-20,1301.3299560546875,1301.3299560546875
2022-12-21,1283.6400146484375,1283.6400146484375
2022-12-22,1280.77001953125,1280.77001953125
2022-12-23,1290.199951171875,1290.199951171875
2022-12-26,1279.239990234375,1279.239990234375
2022-12-27,1275.1300048828125,1275.1300048828125
2022-12-28,1272.280029296875,1272.280029296875
2022-12-29,1274.3199462890625,1274.3199462890625
2022-12-30,1260.260009765625,1260.260009765625
2023-01-02,1260.9100341796875,1260.9100341796875
2023-01-03,1270.0999755859375,1270.0999755859375
2023-01-04,1279.0799560546875,1279.0799560546875
2023-01-05,1271.0799560546875,1271.0799560546875
2023-01-06,1274.1800537109375,1274.1800537109375
2023-01-09,1252.8800048828125,1252.8800048828125
2023-01-10,1239.280029296875,1239.280029296875
2023-01-11,1240.1600341796875,1240.1600341796875
2023-01-12,1241.5999755859375,1241.5999755859375
2023-01-13,1239.1300048828125,1239.1300048828125
2023-01-16,1236.5899658203125,1236.5899658203125
2023-01-17,1240.7099609375,1240.7099609375
2023-01-18,1237.0,1237.0
2023-01-19,1237.8800048828125,1237.8800048828125
2023-01-20,1232.1800537109375,1232.1800537109375
2023-01-23,1230.030029296875,1230.030029296875
2023-01-24,1229.280029296875,1229.280029296875
2023-01-25,1232.6600341796875,1232.6600341796875
2023-01-26,1232.5899658203125,1232.5899658203125
2023-01-27,1231.8499755859375,1231.8499755859375
2023-01-30,1228.949951171875,1228.949951171875
2023-01-31,1231.5,1231.5
2023-02-01,1232.1500244140625,1232.1500244140625
2023-02-02,1221.949951171875,1221.949951171875
2023-02-03,1224.9000244140625,1224.9000244140625
2023-02-06,1246.75,1246.75
2023-02-07,1261.22998046875,1261.22998046875
2023-02-08,1255.3499755859375,1255.3499755859375
2023-02-09,1260.469970703125,1260.469970703125
2023-02-10,1264.550048828125,1264.550048828125
2023-02-13,1266.8699951171875,1266.8699951171875
2023-02-14,1272.93994140625,1272.93994140625
2023-02-15,1272.25,1272.25
2023-02-16,1283.719970703125,1283.719970703125
2023-02-17,1288.9599609375,1288.9599609375
2023-02-20,1293.9200439453125,1293.9200439453125
2023-02-21,1296.1099853515625,1296.1099853515625
2023-02-22,1305.8299560546875,1305.8299560546875
2023-02-23,1302.8299560546875,1302.8299560546875
2023-02-24,1298.0799560546875,1298.0799560546875
2023-02-27,1313.699951171875,1313.699951171875
2023-02-28,1318.3499755859375,1318.3499755859375
2023-03-01,1321.5999755859375,1321.5999755859375
2023-03-02,1305.72998046875,1305.72998046875
2023-03-03,1311.06005859375,1311.06005859375
2023-03-06,1294.780029296875,1294.780029296875
2023-03-07,1299.0,1299.0
2023-03-08,1317.9000244140625,1317.9000244140625
2023-03-09,1316.449951171875,1316.449951171875
2023-03-10,1325.550048828125,1325.550048828125
2023-03-13,1319.5400390625,1319.5400390625
2023-03-14,1296.3800048828125,1296.3800048828125
2023-03-15,1304.5799560546875,1304.5799560546875
2023-03-16,1311.739990234375,1311.739990234375
2023-03-17,1301.6199951171875,1301.6199951171875
2023-03-20,1307.6500244140625,1307.6500244140625
2023-03-21,1304.93994140625,1304.93994140625
2023-03-22,1303.43994140625,1303.43994140625
2023-03-23,1298.25,1298.25
2023-03-24,1286.2900390625,1286.2900390625
2023-03-27,1294.8299560546875,1294.8299560546875
2023-03-28,1297.800048828125,1297.800048828125
2023-03-29,1296.97998046875,1296.97998046875
2023-03-30,1307.1300048828125,1307.1300048828125
2023-03-31,1296.5,1296.5
2023-04-03,1305.47998046875,1305.47998046875
2023-04-04,1308.050048828125,1308.050048828125
2023-04-05,1312.4100341796875,1312.4100341796875
2023-04-06,1316.2099609375,1316.2099609375
2023-04-07,1317.93994140625,1317.93994140625
2023-04-10,1315.449951171875,1315.449951171875
2023-04-11,1320.8800048828125,1320.8800048828125
2023-04-12,1322.0899658203125,1322.0899658203125
2023-04-13,1322.8299560546875,1322.8299560546875
2023-04-14,1301.4300537109375,1301.4300537109375
2023-04-17,1303.3800048828125,1303.3800048828125
2023-04-18,1316.0699462890625,1316.0699462890625
2023-04-19,1315.9000244140625,1315.9000244140625
2023-04-20,1326.760009765625,1326.760009765625
2023-04-21,1323.5999755859375,1323.5999755859375
2023-04-24,1329.3800048828125,1329.3800048828125
2023-04-25,1332.800048828125,1332.800048828125
2023-04-26,1341.0,1341.0
2023-04-27,1337.8299560546875,1337.8299560546875
2023-04-28,1339.3900146484375,1339.3900146484375
2023-05-01,1337.1700439453125,1337.1700439453125
2023-05-02,1342.7900390625,1342.7900390625
2023-05-03,1342.300048828125,1342.300048828125
2023-05-04,1335.22998046875,1335.22998046875
2023-05-05,1320.1500244140625,1320.1500244140625
2023-05-08,1316.9599609375,1316.9599609375
2023-05-09,1322.4100341796875,1322.4100341796875
2023-05-10,1326.050048828125,1326.050048828125
2023-05-11,1318.050048828125,1318.050048828125
2023-05-12,1329.8800048828125,1329.8800048828125
2023-05-15,1341.52001953125,1341.52001953125
2023-05-16,1335.4000244140625,1335.4000244140625
2023-05-17,1342.4300537109375,1342.4300537109375
2023-05-18,1334.1500244140625,1334.1500244140625
2023-05-19,1334.739990234375,1334.739990234375
2023-05-22,1324.2099609375,1324.2099609375
2023-05-23,1313.8299560546875,1313.8299560546875
2023-05-24,1319.8399658203125,1319.8399658203125
2023-05-25,1318.52001953125,1318.52001953125
2023-05-26,1330.8900146484375,1330.8900146484375
2023-05-29,1322.4300537109375,1322.4300537109375
2023-05-30,1324.5899658203125,1324.5899658203125
2023-05-31,1319.7900390625,1319.7900390625
2023-06-01,1321.739990234375,1321.739990234375
2023-06-02,1312.8499755859375,1312.8499755859375
2023-06-05,1305.1400146484375,1305.1400146484375
2023-06-06,1299.7900390625,1299.7900390625
2023-06-07,1299.199951171875,1299.199951171875
2023-06-08,1308.3399658203125,1308.3399658203125
2023-06-09,1296.3299560546875,1296.3299560546875
2023-06-12,1286.68994140625,1286.68994140625
2023-06-13,1284.5799560546875,1284.5799560546875
2023-06-14,1267.6199951171875,1267.6199951171875
2023-06-15,1273.989990234375,1273.989990234375
2023-06-16,1270.050048828125,1270.050048828125
2023-06-19,1276.31005859375,1276.31005859375
2023-06-20,1283.239990234375,1283.239990234375
2023-06-21,1287.5400390625,1287.5400390625
2023-06-22,1288.3800048828125,1288.3800048828125
2023-06-23,1298.2099609375,1298.2099609375
2023-06-26,1307.6700439453125,1307.6700439453125
2023-06-27,1302.6600341796875,1302.6600341796875
2023-06-28,1296.5999755859375,1296.5999755859375
2023-06-29,1309.010009765625,1309.010009765625
2023-06-30,1323.0699462890625,1323.0699462890625
2023-07-03,1315.300048828125,1315.300048828125
2023-07-04,1306.0999755859375,1306.0999755859375
2023-07-05,1295.5,1295.5
2023-07-06,1302.969970703125,1302.969970703125
2023-07-07,1309.219970703125,1309.219970703125
2023-07-10,1297.3699951171875,1297.3699951171875
2023-07-11,1299.5400390625,1299.5400390625
2023-07-12,1291.510009765625,1291.510009765625
2023-07-13,1274.699951171875,1274.699951171875
2023-07-14,1266.8299560546875,1266.8299560546875
2023-07-17,1268.3399658203125,1268.3399658203125
2023-07-18,1265.449951171875,1265.449951171875
2023-07-19,1264.93994140625,1264.93994140625
2023-07-20,1265.0899658203125,1265.0899658203125
2023-07-21,1278.4000244140625,1278.4000244140625
2023-07-24,1285.6500244140625,1285.6500244140625
2023-07-25,1280.530029296875,1280.530029296875
2023-07-26,1274.1199951171875,1274.1199951171875
2023-07-27,1275.1700439453125,1275.1700439453125
2023-07-28,1283.8800048828125,1283.8800048828125
2023-07-31,1272.3900146484375,1272.3900146484375
2023-08-01,1277.9300537109375,1277.9300537109375
2023-08-02,1289.050048828125,1289.050048828125
2023-08-03,1295.3699951171875,1295.3699951171875
2023-08-04,1296.4000244140625,1296.4000244140625
2023-08-07,1303.050048828125,1303.050048828125
2023-08-08,1307.75,1307.75
2023-08-09,1316.6700439453125,1316.6700439453125
2023-08-10,1313.6400146484375,1313.6400146484375
2023-08-11,1318.3299560546875,1318.3299560546875
2023-08-14,1329.6099853515625,1329.6099853515625
2023-08-15,1334.739990234375,1334.739990234375
2023-08-16,1338.739990234375,1338.739990234375
2023-08-17,1343.3299560546875,1343.3299560546875
2023-08-18,1339.0799560546875,1339.0799560546875
2023-08-21,1339.1700439453125,1339.1700439453125
2023-08-22,1339.739990234375,1339.739990234375
2023-08-23,1339.68994140625,1339.68994140625
2023-08-24,1327.780029296875,1327.780029296875
2023-08-25,1326.6199951171875,1326.6199951171875
2023-08-28,1323.6099853515625,1323.6099853515625
2023-08-29,1322.8199462890625,1322.8199462890625
2023-08-30,1321.0699462890625,1321.0699462890625
2023-08-31,1323.030029296875,1323.030029296875
2023-09-01,1324.6400146484375,1324.6400146484375
2023-09-04,1317.4599609375,1317.4599609375
2023-09-05,1317.949951171875,1317.949951171875
2023-09-06,1331.72998046875,1331.72998046875
2023-09-07,1333.4599609375,1333.4599609375
2023-09-08,1334.02001953125,1334.02001953125
2023-09-11,1335.3199462890625,1335.3199462890625
2023-09-12,1320.43994140625,1320.43994140625
2023-09-13,1324.0999755859375,1324.0999755859375
2023-09-14,1329.77001953125,1329.77001953125
2023-09-15,1327.06005859375,1327.06005859375
2023-09-18,1328.4200439453125,1328.4200439453125
2023-09-19,1329.6600341796875,1329.6600341796875
2023-09-20,1328.530029296875,1328.530029296875
2023-09-21,1332.3399658203125,1332.3399658203125
2023-09-22,1341.1700439453125,1341.1700439453125
2023-09-25,1334.6600341796875,1334.6600341796875
2023-09-26,1338.449951171875,1338.449951171875
2023-09-27,1353.75,1353.75
2023-09-28,1352.8199462890625,1352.8199462890625
2023-09-29,1347.8499755859375,1347.8499755859375
2023-10-02,1351.93994140625,1351.93994140625
2023-10-03,1354.18994140625,1354.18994140625
2023-10-04,1359.219970703125,1359.219970703125
2023-10-05,1351.1600341796875,1351.1600341796875
2023-10-06,1346.06005859375,1346.06005859375
2023-10-09,1343.3599853515625,1343.3599853515625
2023-10-10,1346.8900146484375,1346.8900146484375
2023-10-11,1341.8900146484375,1341.8900146484375
2023-10-12,1338.260009765625,1338.260009765625
2023-10-13,1348.3399658203125,1348.3399658203125
2023-10-16,1352.0699462890625,1352.0699462890625
2023-10-17,1347.760009765625,1347.760009765625
2023-10-18,1352.989990234375,1352.989990234375
2023-10-19,1354.56005859375,1354.56005859375
2023-10-20,1356.22998046875,1356.22998046875
2023-10-23,1349.3399658203125,1349.3399658203125
2023-10-24,1334.43994140625,1334.43994140625
2023-10-25,1343.6400146484375,1343.6400146484375
2023-10-26,1352.6800537109375,1352.6800537109375
2023-10-27,1350.3399658203125,1350.3399658203125
2023-10-30,1355.219970703125,1355.219970703125
2023-10-31,1348.0699462890625,1348.0699462890625
2023-11-01,1350.1600341796875,1350.1600341796875
2023-11-02,1347.8399658203125,1347.8399658203125
2023-11-03,1333.6800537109375,1333.6800537109375
2023-11-06,1307.8399658203125,1307.8399658203125
2023-11-07,1297.1099853515625,1297.1099853515625
2023-11-08,1304.550048828125,1304.550048828125
2023-11-09,1308.1199951171875,1308.1199951171875
2023-11-10,1315.199951171875,1315.199951171875
2023-11-13,1319.6199951171875,1319.6199951171875
2023-11-14,1319.0699462890625,1319.0699462890625
2023-11-15,1304.239990234375,1304.239990234375
2023-11-16,1301.8599853515625,1301.8599853515625
2023-11-17,1292.449951171875,1292.449951171875
2023-11-20,1294.5,1294.5
2023-11-21,1288.1500244140625,1288.1500244140625
2023-11-22,1295.18994140625,1295.18994140625
2023-11-23,1298.7900390625,1298.7900390625
2023-11-24,1300.1800537109375,1300.1800537109375
2023-11-27,1289.7900390625,1289.7900390625
2023-11-28,1302.530029296875,1302.530029296875
2023-11-29,1287.530029296875,1287.530029296875
2023-11-30,1288.3599853515625,1288.3599853515625
2023-12-01,1296.6600341796875,1296.6600341796875
2023-12-04,1299.18994140625,1299.18994140625
2023-12-05,1307.800048828125,1307.800048828125
2023-12-06,1313.3699951171875,1313.3699951171875
2023-12-07,1313.719970703125,1313.719970703125
2023-12-08,1312.760009765625,1312.760009765625
2023-12-11,1316.510009765625,1316.510009765625
2023-12-12,1313.6199951171875,1313.6199951171875
2023-12-13,1310.1400146484375,1310.1400146484375
2023-12-14,1292.010009765625,1292.010009765625
2023-12-15,1291.9200439453125,1291.9200439453125
2023-12-18,1276.469970703125,1276.469970703125
2023-12-19,1302.9300537109375,1302.9300537109375
2023-12-20,1297.760009765625,1297.760009765625
2023-12-21,1296.97998046875,1296.97998046875
2023-12-22,1291.7099609375,1291.7099609375
2023-12-25,1297.3599853515625,1297.3599853515625
2023-12-26,1294.5799560546875,1294.5799560546875
2023-12-27,1293.9200439453125,1293.9200439453125
2023-12-28,1294.760009765625,1294.760009765625
2023-12-29,1277.8399658203125,1277.8399658203125
2024-01-01,1293.530029296875,1293.530029296875
2024-01-02,1292.8900146484375,1293.5400390625
2024-01-03,1307.6199951171875,1307.6199951171875
2024-01-04,1309.530029296875,1309.530029296875
2024-01-05,1311.25,1311.25
2024-01-08,1313.1300048828125,1313.1300048828125
2024-01-09,1311.800048828125,1311.800048828125
2024-01-10,1319.7900390625,1319.7900390625
2024-01-11,1317.5,1317.5
2024-01-12,1311.989990234375,1311.989990234375
2024-01-15,1312.8499755859375,1312.8499755859375
2024-01-16,1319.7099609375,1319.7099609375
2024-01-17,1337.7900390625,1337.7900390625
2024-01-18,1344.050048828125,1344.050048828125
2024-01-19,1337.6600341796875,1337.6600341796875
2024-01-22,1333.2099609375,1333.2099609375
2024-01-23,1338.739990234375,1338.739990234375
2024-01-24,1336.780029296875,1336.780029296875
2024-01-25,1329.8900146484375,1329.8900146484375
2024-01-26,1336.030029296875,1336.030029296875
2024-01-29,1336.760009765625,1336.760009765625
2024-01-30,1333.2099609375,1333.2099609375
2024-01-31,1326.6199951171875,1326.6199951171875
2024-02-01,1333.9100341796875,1333.9100341796875
2024-02-02,1328.949951171875,1328.949951171875
2024-02-05,1337.72998046875,1337.72998046875
2024-02-06,1333.3900146484375,1333.3900146484375
2024-02-07,1326.7900390625,1326.7900390625
2024-02-08,1327.6199951171875,1327.6199951171875
2024-02-09,1331.469970703125,1331.469970703125
2024-02-12,1330.06005859375,1330.06005859375
2024-02-13,1328.5,1328.5
2024-02-14,1340.7900390625,1340.7900390625
2024-02-15,1326.0,1326.0
2024-02-16,1327.6600341796875,1327.6600341796875
2024-02-19,1331.5799560546875,1331.5799560546875
2024-02-20,1333.3399658203125,1333.3399658203125
2024-02-21,1333.75,1333.75
2024-02-22,1332.8699951171875,1332.8699951171875
2024-02-23,1327.1700439453125,1327.1700439453125
2024-02-26,1330.0,1330.0
2024-02-27,1331.719970703125,1331.719970703125
2024-02-28,1331.7900390625,1331.7900390625
2024-02-29,1333.3800048828125,1333.3800048828125
2024-03-01,1335.199951171875,1335.199951171875
2024-03-04,1330.9000244140625,1330.9000244140625
2024-03-05,1328.93994140625,1328.93994140625
2024-03-06,1333.4300537109375,1333.4300537109375
2024-03-07,1327.0899658203125,1327.0899658203125
2024-03-08,1321.1800537109375,1321.1800537109375
2024-03-11,1315.97998046875,1315.97998046875
2024-03-12,1310.5400390625,1310.5400390625
2024-03-13,1311.1500244140625,1311.1500244140625
2024-03-14,1313.6500244140625,1313.6500244140625
2024-03-15,1321.9200439453125,1321.9200439453125
2024-03-18,1329.3399658203125,1329.3399658203125
2024-03-19,1336.0899658203125,1336.0899658203125
2024-03-20,1337.02001953125,1337.02001953125
2024-03-21,1330.1099853515625,1330.1099853515625
2024-03-22,1334.6800537109375,1334.6800537109375
2024-03-25,1343.5999755859375,1343.5999755859375
2024-03-26,1339.1300048828125,1339.1300048828125
2024-03-27,1343.06005859375,1343.06005859375
2024-03-28,1349.800048828125,1349.800048828125
2024-03-29,1349.800048828125,1349.800048828125
2024-04-01,1345.31005859375,1345.31005859375
2024-04-02,1355.530029296875,1355.530029296875
2024-04-03,1350.72998046875,1350.72998046875
2024-04-04,1344.8399658203125,1344.8399658203125
2024-04-05,1351.3599853515625,1351.3599853515625
2024-04-08,1350.27001953125,1350.27001953125
2024-04-09,1354.219970703125,1354.219970703125
2024-04-10,1348.5400390625,1348.5400390625
2024-04-11,1363.760009765625,1363.760009765625
2024-04-12,1367.8399658203125,1367.8399658203125
2024-04-15,1379.6099853515625,1379.6099853515625
2024-04-16,1387.6700439453125,1387.6700439453125
2024-04-17,1387.3399658203125,1387.3399658203125
2024-04-18,1379.5400390625,1379.5400390625
2024-04-19,1379.4000244140625,1379.4000244140625
2024-04-22,1373.9300537109375,1373.9300537109375
2024-04-23,1378.8399658203125,1378.8399658203125
2024-04-24,1370.47998046875,1370.47998046875
2024-04-25,1376.969970703125,1376.969970703125
2024-04-26,1371.699951171875,1371.699951171875
2024-04-29,1377.0899658203125,1377.0899658203125
2024-04-30,1374.6400146484375,1374.6400146484375
2024-05-01,1385.4599609375,1385.4599609375
2024-05-02,1375.0,1375.0
2024-05-03,1364.6400146484375,1364.6400146484375
2024-05-06,1355.050048828125,1355.050048828125
2024-05-07,1352.1700439453125,1352.1700439453125
2024-05-08,1357.72998046875,1357.72998046875
2024-05-09,1361.93994140625,1361.93994140625
2024-05-10,1365.4000244140625,1365.4000244140625
2024-05-13,1370.1099853515625,1370.1099853515625
2024-05-14,1363.7900390625,1363.7900390625
2024-05-15,1362.550048828125,1362.550048828125
2024-05-16,1353.5999755859375,1353.5999755859375
2024-05-17,1346.0400390625,1346.0400390625
2024-05-20,1353.3900146484375,1353.3900146484375
2024-05-21,1360.1600341796875,1360.1600341796875
2024-05-22,1363.4200439453125,1363.4200439453125
2024-05-23,1365.81005859375,1365.81005859375
2024-05-24,1367.6199951171875,1367.6199951171875
2024-05-27,1365.7099609375,1365.7099609375
2024-05-28,1360.9300537109375,1360.9300537109375
2024-05-29,1362.760009765625,1362.760009765625
2024-05-30,1370.550048828125,1370.550048828125
2024-05-31,1375.6199951171875,1375.6199951171875
2024-06-03,1382.0999755859375,1382.0999755859375
2024-06-04,1370.7900390625,1370.7900390625
2024-06-05,1373.719970703125,1373.719970703125
2024-06-06,1368.739990234375,1368.739990234375
2024-06-07,1365.25,1365.25
2024-06-10,1379.050048828125,1379.050048828125
2024-06-11,1373.9599609375,1373.9599609375
2024-06-12,1377.3599853515625,1377.3599853515625
2024-06-13,1370.4100341796875,1370.4100341796875
2024-06-14,1373.739990234375,1373.739990234375
2024-06-17,1382.280029296875,1382.280029296875
2024-06-18,1379.06005859375,1379.06005859375
2024-06-19,1378.6099853515625,1378.6099853515625
2024-06-20,1381.1500244140625,1381.1500244140625
2024-06-21,1391.8199462890625,1391.8199462890625
2024-06-24,1388.3900146484375,1388.3900146484375
2024-06-25,1386.1099853515625,1386.1099853515625
2024-06-26,1390.8900146484375,1390.8900146484375
2024-06-27,1393.3800048828125,1393.3800048828125
2024-06-28,1386.949951171875,1386.949951171875
2024-07-01,1380.2900390625,1380.2900390625
2024-07-02,1383.4200439453125,1383.4200439453125
2024-07-03,1383.4200439453125,1383.4200439453125
2024-07-04,1385.77001953125,1385.77001953125
2024-07-05,1380.25,1380.25
2024-07-08,1376.5699462890625,1376.5699462890625
2024-07-09,1382.75,1382.75
2024-07-10,1382.4200439453125,1382.4200439453125
2024-07-11,1382.989990234375,1382.989990234375
2024-07-12,1371.27001953125,1371.27001953125
2024-07-15,1374.1099853515625,1374.1099853515625
2024-07-16,1383.68994140625,1383.68994140625
2024-07-17,1382.6400146484375,1382.6400146484375
2024-07-18,1378.6500244140625,1378.6500244140625
2024-07-19,1385.239990234375,1385.239990234375
2024-07-22,1388.81005859375,1388.81005859375
2024-07-23,1387.0999755859375,1387.0999755859375
2024-07-24,1384.5699462890625,1384.5699462890625
2024-07-25,1382.6500244140625,1382.6500244140625
2024-07-26,1381.4300537109375,1381.4300537109375
2024-07-29,1382.0899658203125,1382.0899658203125
2024-07-30,1381.3599853515625,1381.3599853515625
2024-07-31,1383.5,1383.5
2024-08-01,1367.9200439453125,1367.9200439453125
2024-08-02,1368.969970703125,1368.969970703125
2024-08-05,1357.1700439453125,1357.1700439453125
2024-08-06,1367.4000244140625,1367.4000244140625
2024-08-07,1370.31005859375,1370.31005859375
2024-08-08,1375.3299560546875,1375.3299560546875
2024-08-09,1373.760009765625,1373.760009765625
2024-08-12,1363.8399658203125,1363.8399658203125
2024-08-13,1369.5400390625,1369.5400390625
2024-08-14,1362.1700439453125,1362.1700439453125
2024-08-15,1355.7099609375,1355.7099609375
2024-08-16,1363.510009765625,1363.510009765625
2024-08-19,1348.97998046875,1348.97998046875
2024-08-20,1330.8800048828125,1330.8800048828125
2024-08-21,1327.5799560546875,1327.5799560546875
2024-08-22,1333.6600341796875,1333.6600341796875
2024-08-23,1339.5400390625,1339.5400390625
2024-08-26,1323.8800048828125,1323.8800048828125
2024-08-27,1326.6400146484375,1326.6400146484375
2024-08-28,1326.3599853515625,1326.3599853515625
2024-08-29,1336.68994140625,1336.68994140625
2024-08-30,1332.8800048828125,1332.8800048828125
2024-09-02,1336.5799560546875,1336.5799560546875
2024-09-03,1337.550048828125,1337.550048828125
2024-09-04,1340.4100341796875,1340.4100341796875
2024-09-05,1331.010009765625,1331.010009765625
2024-09-06,1332.7900390625,1332.7900390625
2024-09-09,1337.77001953125,1337.77001953125
2024-09-10,1341.27001953125,1341.27001953125
2024-09-11,1343.3399658203125,1343.3399658203125
2024-09-12,1339.1800537109375,1339.1800537109375
2024-09-13,1335.68994140625,1335.68994140625
2024-09-16,1329.510009765625,1329.510009765625
2024-09-17,1319.1099853515625,1319.1099853515625
2024-09-18,1322.9300537109375,1322.9300537109375
2024-09-19,1322.260009765625,1322.260009765625
2024-09-20,1327.6099853515625,1327.6099853515625
2024-09-23,1331.5,1331.5
2024-09-24,1333.6199951171875,1333.6199951171875
2024-09-25,1324.8900146484375,1324.8900146484375
2024-09-26,1335.050048828125,1335.050048828125
2024-09-27,1313.300048828125,1313.300048828125
2024-09-30,1309.300048828125,1309.300048828125
2024-10-01,1315.3299560546875,1315.3299560546875
2024-10-02,1324.8399658203125,1324.8399658203125
2024-10-03,1324.030029296875,1324.030029296875
2024-10-04,1334.4100341796875,1334.4100341796875
2024-10-07,1345.8800048828125,1345.8800048828125
2024-10-08,1342.3699951171875,1342.3699951171875
2024-10-09,1341.31005859375,1341.31005859375
2024-10-10,1343.02001953125,1343.02001953125
2024-10-11,1349.739990234375,1349.739990234375
2024-10-14,1348.3299560546875,1348.3299560546875
2024-10-15,1357.27001953125,1357.27001953125
2024-10-16,1363.1800537109375,1363.1800537109375
2024-10-17,1364.199951171875,1364.199951171875
2024-10-18,1370.050048828125,1370.050048828125
2024-10-21,1369.010009765625,1369.010009765625
2024-10-22,1376.5,1376.5
2024-10-23,1376.6300048828125,1376.6300048828125
2024-10-24,1377.3399658203125,1377.3399658203125
2024-10-25,1376.3199462890625,1376.3199462890625
2024-10-28,1387.6600341796875,1387.6600341796875
2024-10-29,1381.969970703125,1381.969970703125
2024-10-30,1383.1800537109375,1383.1800537109375
2024-10-31,1378.5699462890625,1378.5699462890625
2024-11-01,1372.9300537109375,1372.9300537109375
2024-11-04,1379.3399658203125,1379.3399658203125
2024-11-05,1372.8599853515625,1372.8599853515625
2024-11-06,1378.0,1378.0
2024-11-07,1399.800048828125,1399.800048828125
2024-11-08,1372.0799560546875,1372.0799560546875
2024-11-11,1397.199951171875,1397.199951171875
2024-11-12,1400.550048828125,1400.550048828125
2024-11-13,1406.6500244140625,1406.6500244140625
2024-11-14,1399.0,1399.0
2024-11-15,1400.8299560546875,1400.8299560546875
2024-11-18,1394.3499755859375,1394.3499755859375
2024-11-19,1389.5,1389.5
2024-11-20,1392.1600341796875,1392.1600341796875
2024-11-21,1397.6199951171875,1397.6199951171875
2024-11-22,1399.5999755859375,1399.5999755859375
2024-11-25,1403.510009765625,1403.510009765625
2024-11-26,1395.56005859375,1395.56005859375
2024-11-27,1395.27001953125,1395.27001953125
2024-11-28,1388.469970703125,1388.469970703125
2024-11-29,1393.300048828125,1393.300048828125
2024-12-02,1399.8599853515625,1399.8599853515625
2024-12-03,1401.06005859375,1401.06005859375
2024-12-04,1411.6700439453125,1411.6700439453125
2024-12-05,1410.800048828125,1410.800048828125
2024-12-06,1399.989990234375,1399.989990234375
2024-12-09,1424.219970703125,1424.219970703125
2024-12-10,1426.5999755859375,1426.5999755859375
2024-12-11,1433.949951171875,1433.949951171875
2024-12-12,1429.1500244140625,1429.1500244140625
2024-12-13,1427.8599853515625,1427.8599853515625
2024-12-16,1434.449951171875,1434.449951171875
2024-12-17,1431.3499755859375,1431.3499755859375
2024-12-18,1436.4200439453125,1436.4200439453125
2024-12-19,1451.5,1451.5
2024-12-20,1437.449951171875,1437.449951171875
2024-12-23,1445.4200439453125,1445.4200439453125
2024-12-24,1442.699951171875,1442.699951171875
2024-12-25,1453.4200439453125,1453.4200439453125
2024-12-26,1457.6099853515625,1457.6099853515625
2024-12-27,1466.989990234375,1466.989990234375
2024-12-30,1472.800048828125,1472.800048828125
2024-12-31,1467.3900146484375,1467.3900146484375
